state,year,state_unemployment,state_median_income,state_per_capita_income,state_gdp,state_nonfarm_employment,national_unemployment,fed_funds_rate,cpi,mortgage_30yr,consumer_confidence,treasury_10yr,unemployment_vs_national
AL,2010,10.375,56840.0,33848.0,177510.7,1889.7667,9.6083,0.175,218.0762,4.6898,71.8417,3.2151,0.7667000000000002
AL,2011,9.5583,57360.0,34884.0,182896.7,1890.1,8.9333,0.1017,224.923,4.4479,67.35,2.7816,0.625
AL,2012,8.175,57430.0,35559.0,188280.7,1905.8,8.075,0.14,229.5861,3.6575,76.5417,1.8034,0.10000000000000142
AL,2013,7.3583,61770.0,35706.0,193981.5,1924.125,7.3583,0.1075,232.9517,3.9756,79.2083,2.3502,0.0
AL,2014,6.7667,54420.0,36722.0,197064.4,1943.9083,6.1583,0.0892,236.715,4.1689,84.125,2.5396,0.6084000000000005
AL,2015,6.0833,57330.0,38189.0,203113.3,1970.925,5.275,0.1325,237.0018,3.8506,92.9417,2.1383,0.8083
AL,2016,5.8,60290.0,38704.0,208824.3,1996.9167,4.875,0.395,240.0054,3.654,91.8417,1.8374,0.9249999999999998
AL,2017,4.5083,63820.0,39968.0,216615.5,2018.6167,4.3583,1.0017,245.121,3.9898,96.7667,2.3295,0.15000000000000036
AL,2018,3.925,61420.0,41324.0,226263.8,2046.05,3.8917,1.8317,251.0995,4.5446,98.3667,2.9112,0.03329999999999966
AL,2019,3.1917,68110.0,42998.0,234798.2,2077.55,3.675,2.1583,255.6526,3.9358,95.9833,2.1414,-0.48329999999999984
AK,2010,7.9917,80320.0,49543.0,53654.0,324.8083,9.6083,0.175,218.0762,4.6898,71.8417,3.2151,-1.6166
AK,2011,7.6083,77340.0,52415.0,56912.3,330.0917,8.9333,0.1017,224.923,4.4479,67.35,2.7816,-1.3249999999999993
AK,2012,7.1333,84090.0,53340.0,58320.7,335.4417,8.075,0.14,229.5861,3.6575,76.5417,1.8034,-0.9416999999999991
AK,2013,6.925,94600.0,52252.0,57533.0,336.6583,7.3583,0.1075,232.9517,3.9756,79.2083,2.3502,-0.4333
AK,2014,6.7417,87040.0,55098.0,56587.4,338.2583,6.1583,0.0892,236.715,4.1689,84.125,2.5396,0.5834000000000001
AK,2015,6.2833,96750.0,56714.0,51574.2,339.025,5.275,0.1325,237.0018,3.8506,92.9417,2.1383,1.0082999999999993
AK,2016,6.625,96680.0,55536.0,51121.8,333.3917,4.875,0.395,240.0054,3.654,91.8417,1.8374,1.75
AK,2017,6.6083,97850.0,56500.0,53550.9,329.2667,4.3583,1.0017,245.121,3.9898,96.7667,2.3295,2.25
AK,2018,6.0917,84540.0,58997.0,54762.0,327.6583,3.8917,1.8317,251.0995,4.5446,98.3667,2.9112,2.2
AK,2019,5.6,95010.0,60504.0,54549.6,329.9833,3.675,2.1583,255.6526,3.9358,95.9833,2.1414,1.9249999999999998
AZ,2010,10.3583,65120.0,33778.0,250527.0,2385.8333,9.6083,0.175,218.0762,4.6898,71.8417,3.2151,0.75
AZ,2011,9.5,65480.0,35263.0,261691.4,2411.6917,8.9333,0.1017,224.923,4.4479,67.35,2.7816,0.5667000000000009
AZ,2012,8.3917,62160.0,36364.0,272703.3,2462.375,8.075,0.14,229.5861,3.6575,76.5417,1.8034,0.31670000000000087
AZ,2013,7.8417,68680.0,36918.0,278679.5,2519.9167,7.3583,0.1075,232.9517,3.9756,79.2083,2.3502,0.4834000000000005
AZ,2014,6.8167,63390.0,38268.0,286676.0,2570.1167,6.1583,0.0892,236.715,4.1689,84.125,2.5396,0.6584000000000003
AZ,2015,6.1083,67300.0,39888.0,298942.2,2635.3167,5.275,0.1325,237.0018,3.8506,92.9417,2.1383,0.8332999999999995
AZ,2016,5.5,72900.0,41173.0,313787.1,2708.7083,4.875,0.395,240.0054,3.654,91.8417,1.8374,0.625
AZ,2017,4.9583,74900.0,43255.0,333099.0,2777.4167,4.3583,1.0017,245.121,3.9898,96.7667,2.3295,0.6000000000000005
AZ,2018,4.8083,76600.0,45297.0,353671.0,2857.925,3.8917,1.8317,251.0995,4.5446,98.3667,2.9112,0.9165999999999999
AZ,2019,4.8167,85650.0,47718.0,375376.7,2942.6667,3.675,2.1583,255.6526,3.9358,95.9833,2.1414,1.1417000000000002
AR,2010,7.8333,53580.0,32218.0,101699.3,1150.9667,9.6083,0.175,218.0762,4.6898,71.8417,3.2151,-1.7749999999999995
AR,2011,7.8833,55620.0,34181.0,105697.6,1157.1583,8.9333,0.1017,224.923,4.4479,67.35,2.7816,-1.049999999999999
AR,2012,7.2583,51550.0,36289.0,108836.0,1164.4417,8.075,0.14,229.5861,3.6575,76.5417,1.8034,-0.8166999999999991
AR,2013,7.0417,51400.0,36286.0,114021.1,1165.0917,7.3583,0.1075,232.9517,3.9756,79.2083,2.3502,-0.3166000000000002
AR,2014,5.875,57820.0,38220.0,117388.7,1176.5333,6.1583,0.0892,236.715,4.1689,84.125,2.5396,-0.28329999999999966
AR,2015,4.95,55130.0,39267.0,118573.6,1199.575,5.275,0.1325,237.0018,3.8506,92.9417,2.1383,-0.3250000000000002
AR,2016,3.975,58610.0,40181.0,120987.4,1218.725,4.875,0.395,240.0054,3.654,91.8417,1.8374,-0.8999999999999999
AR,2017,3.7417,62420.0,41403.0,123882.6,1233.3917,4.3583,1.0017,245.121,3.9898,96.7667,2.3295,-0.6166
AR,2018,3.65,61230.0,43031.0,129213.8,1246.1333,3.8917,1.8317,251.0995,4.5446,98.3667,2.9112,-0.24170000000000025
AR,2019,3.4917,66100.0,43737.0,132625.8,1255.7083,3.675,2.1583,255.6526,3.9358,95.9833,2.1414,-0.18330000000000002
CA,2010,12.3167,75370.0,43137.0,1938603.3,14282.9,9.6083,0.175,218.0762,4.6898,71.8417,3.2151,2.708400000000001
CA,2011,11.7333,71870.0,45508.0,2014050.3,14436.85,8.9333,0.1017,224.923,4.4479,67.35,2.7816,2.8000000000000007
CA,2012,10.3917,75340.0,47793.0,2108873.1,14761.5917,8.075,0.14,229.5861,3.6575,76.5417,1.8034,2.316700000000001
CA,2013,9.025,79360.0,48074.0,2223300.9,15150.925,7.3583,0.1075,232.9517,3.9756,79.2083,2.3502,1.6667000000000005
CA,2014,7.5667,77850.0,50617.0,2342218.8,15574.275,6.1583,0.0892,236.715,4.1689,84.125,2.5396,1.4084000000000003
CA,2015,6.2167,81970.0,53816.0,2487156.4,16049.2833,5.275,0.1325,237.0018,3.8506,92.9417,2.1383,0.9417
CA,2016,5.5167,85080.0,55862.0,2586485.2,16479.125,4.875,0.395,240.0054,3.654,91.8417,1.8374,0.6417000000000002
CA,2017,4.8333,87880.0,58214.0,2740550.3,16826.6917,4.3583,1.0017,245.121,3.9898,96.7667,2.3295,0.47500000000000053
CA,2018,4.2583,86690.0,60984.0,2899530.9,17171.7333,3.8917,1.8317,251.0995,4.5446,98.3667,2.9112,0.36660000000000004
CA,2019,4.0917,94660.0,64219.0,3068629.7,17432.1167,3.675,2.1583,255.6526,3.9358,95.9833,2.1414,0.4167000000000005
CO,2010,9.1417,83640.0,40827.0,256771.8,2221.0,9.6083,0.175,218.0762,4.6898,71.8417,3.2151,-0.4665999999999997
CO,2011,8.6917,78960.0,43735.0,266114.1,2257.4083,8.9333,0.1017,224.923,4.4479,67.35,2.7816,-0.24159999999999826
CO,2012,7.9917,75650.0,45495.0,274738.8,2311.7167,8.075,0.14,229.5861,3.6575,76.5417,1.8034,-0.08329999999999949
CO,2013,6.725,88650.0,47088.0,291265.3,2380.5,7.3583,0.1075,232.9517,3.9756,79.2083,2.3502,-0.6333000000000002
CO,2014,4.95,78430.0,50251.0,309223.9,2463.45,6.1583,0.0892,236.715,4.1689,84.125,2.5396,-1.2082999999999995
CO,2015,3.7,85780.0,51401.0,320895.9,2541.1667,5.275,0.1325,237.0018,3.8506,92.9417,2.1383,-1.5750000000000002
CO,2016,3.1167,90090.0,51312.0,330565.9,2601.5083,4.875,0.395,240.0054,3.654,91.8417,1.8374,-1.7583000000000002
CO,2017,2.6167,94080.0,54176.0,350209.1,2659.9667,4.3583,1.0017,245.121,3.9898,96.7667,2.3295,-1.7416
CO,2018,3.025,89820.0,57798.0,373923.1,2727.2667,3.8917,1.8317,251.0995,4.5446,98.3667,2.9112,-0.8667000000000002
CO,2019,2.6667,87870.0,61278.0,397843.6,2789.8667,3.675,2.1583,255.6526,3.9358,95.9833,2.1414,-1.0082999999999998
CT,2010,9.4917,91640.0,61392.0,234022.2,1616.975,9.6083,0.175,218.0762,4.6898,71.8417,3.2151,-0.11660000000000004
CT,2011,9.0083,88100.0,62964.0,233058.7,1634.175,8.9333,0.1017,224.923,4.4479,67.35,2.7816,0.07500000000000107
CT,2012,8.3833,84880.0,63556.0,239907.5,1648.3417,8.075,0.14,229.5861,3.6575,76.5417,1.8034,0.3083000000000009
CT,2013,7.95,90450.0,62000.0,240549.2,1661.075,7.3583,0.1075,232.9517,3.9756,79.2083,2.3502,0.5917000000000003
CT,2014,6.6167,90300.0,64484.0,247114.7,1672.9333,6.1583,0.0892,236.715,4.1689,84.125,2.5396,0.45840000000000014
CT,2015,5.6083,93880.0,66222.0,260648.5,1686.7833,5.275,0.1325,237.0018,3.8506,92.9417,2.1383,0.3332999999999995
CT,2016,4.875,96930.0,67551.0,264760.4,1692.4833,4.875,0.395,240.0054,3.654,91.8417,1.8374,0.0
CT,2017,4.4083,93230.0,69147.0,273875.1,1696.1917,4.3583,1.0017,245.121,3.9898,96.7667,2.3295,0.04999999999999982
CT,2018,3.9,89550.0,72159.0,280535.4,1699.1083,3.8917,1.8317,251.0995,4.5446,98.3667,2.9112,0.008299999999999752
CT,2019,3.5833,105800.0,74176.0,286451.9,1696.0333,3.675,2.1583,255.6526,3.9358,95.9833,2.1414,-0.09169999999999989
DE,2010,8.3,76670.0,41100.0,58132.2,412.7583,9.6083,0.175,218.0762,4.6898,71.8417,3.2151,-1.3082999999999991
DE,2011,7.4333,73610.0,43779.0,61379.4,416.1,8.9333,0.1017,224.923,4.4479,67.35,2.7816,-1.4999999999999991
DE,2012,6.9583,64700.0,43771.0,62342.1,418.3583,8.075,0.14,229.5861,3.6575,76.5417,1.8034,-1.116699999999999
DE,2013,6.5333,70610.0,43943.0,62058.2,427.1917,7.3583,0.1075,232.9517,3.9756,79.2083,2.3502,-0.8250000000000002
DE,2014,5.6167,74040.0,45359.0,68606.0,436.9167,6.1583,0.0892,236.715,4.1689,84.125,2.5396,-0.5415999999999999
DE,2015,4.8083,74390.0,47238.0,72352.5,446.8917,5.275,0.1325,237.0018,3.8506,92.9417,2.1383,-0.46670000000000034
DE,2016,4.5333,74110.0,48186.0,70021.5,451.45,4.875,0.395,240.0054,3.654,91.8417,1.8374,-0.34170000000000034
DE,2017,4.4,81510.0,49997.0,69555.6,455.125,4.3583,1.0017,245.121,3.9898,96.7667,2.3295,0.041700000000000514
DE,2018,3.6917,79960.0,52670.0,73376.0,460.35,3.8917,1.8317,251.0995,4.5446,98.3667,2.9112,-0.20000000000000018
DE,2019,3.55,89920.0,53778.0,78710.5,465.475,3.675,2.1583,255.6526,3.9358,95.9833,2.1414,-0.125
FL,2010,11.25,61190.0,38779.0,752998.4,7175.525,9.6083,0.175,218.0762,4.6898,71.8417,3.2151,1.6417000000000002
FL,2011,10.1833,60740.0,40437.0,761043.1,7256.3917,8.9333,0.1017,224.923,4.4479,67.35,2.7816,1.25
FL,2012,8.675,60870.0,41211.0,784545.9,7402.1417,8.075,0.14,229.5861,3.6575,76.5417,1.8034,0.6000000000000014
FL,2013,7.5167,63350.0,40743.0,819679.8,7589.425,7.3583,0.1075,232.9517,3.9756,79.2083,2.3502,0.15840000000000032
FL,2014,6.4417,59390.0,42877.0,860112.6,7831.725,6.1583,0.0892,236.715,4.1689,84.125,2.5396,0.2834000000000003
FL,2015,5.5,62890.0,44957.0,918464.3,8115.0083,5.275,0.1325,237.0018,3.8506,92.9417,2.1383,0.22499999999999964
FL,2016,4.9083,65340.0,45730.0,964500.8,8392.6083,4.875,0.395,240.0054,3.654,91.8417,1.8374,0.03329999999999966
FL,2017,4.2833,66610.0,48447.0,1014866.9,8578.3667,4.3583,1.0017,245.121,3.9898,96.7667,2.3295,-0.07500000000000018
FL,2018,3.6417,67210.0,51015.0,1072085.6,8790.0417,3.8917,1.8317,251.0995,4.5446,98.3667,2.9112,-0.25
FL,2019,3.2417,70740.0,53666.0,1133718.0,8972.9833,3.675,2.1583,255.6526,3.9358,95.9833,2.1414,-0.4333
GA,2010,10.3833,61260.0,34740.0,419013.1,3860.2083,9.6083,0.175,218.0762,4.6898,71.8417,3.2151,0.7750000000000004
GA,2011,10.0333,61910.0,36760.0,433137.1,3900.675,8.9333,0.1017,224.923,4.4479,67.35,2.7816,1.1000000000000014
GA,2012,9.0417,63580.0,37250.0,449375.6,3953.0333,8.075,0.14,229.5861,3.6575,76.5417,1.8034,0.9667000000000012
GA,2013,8.1333,61340.0,37484.0,467559.5,4031.4167,7.3583,0.1075,232.9517,3.9756,79.2083,2.3502,0.7750000000000004
GA,2014,7.15,63780.0,39550.0,493370.3,4144.05,6.1583,0.0892,236.715,4.1689,84.125,2.5396,0.9917000000000007
GA,2015,6.05,65390.0,41527.0,525516.8,4262.7083,5.275,0.1325,237.0018,3.8506,92.9417,2.1383,0.7749999999999995
GA,2016,5.45,68340.0,42742.0,554903.2,4375.3,4.875,0.395,240.0054,3.654,91.8417,1.8374,0.5750000000000002
GA,2017,4.7583,72750.0,44836.0,583543.3,4459.875,4.3583,1.0017,245.121,3.9898,96.7667,2.3295,0.40000000000000036
GA,2018,4.0167,68650.0,46624.0,612803.4,4545.7167,3.8917,1.8317,251.0995,4.5446,98.3667,2.9112,0.125
GA,2019,3.6,68630.0,48529.0,646695.8,4632.275,3.675,2.1583,255.6526,3.9358,95.9833,2.1414,-0.07499999999999973
HI,2010,6.7,82670.0,41498.0,66739.3,588.1333,9.6083,0.175,218.0762,4.6898,71.8417,3.2151,-2.9082999999999997
HI,2011,6.7083,79520.0,42758.0,68801.1,594.8417,8.9333,0.1017,224.923,4.4479,67.35,2.7816,-2.2249999999999988
HI,2012,5.8083,74340.0,43523.0,71645.6,607.5083,8.075,0.14,229.5861,3.6575,76.5417,1.8034,-2.2666999999999993
HI,2013,4.7167,83850.0,43548.0,74598.5,620.025,7.3583,0.1075,232.9517,3.9756,79.2083,2.3502,-2.6415999999999995
HI,2014,4.225,91670.0,45445.0,77043.0,628.5,6.1583,0.0892,236.715,4.1689,84.125,2.5396,-1.9333
HI,2015,3.4167,83100.0,47150.0,81410.2,639.1,5.275,0.1325,237.0018,3.8506,92.9417,2.1383,-1.8583000000000003
HI,2016,2.9083,92090.0,48561.0,84287.2,647.6,4.875,0.395,240.0054,3.654,91.8417,1.8374,-1.9667
HI,2017,2.2333,92340.0,50506.0,87436.4,654.95,4.3583,1.0017,245.121,3.9898,96.7667,2.3295,-2.125
HI,2018,2.4,98520.0,51554.0,90933.5,658.1583,3.8917,1.8317,251.0995,4.5446,98.3667,2.9112,-1.4917000000000002
HI,2019,2.5083,106700.0,53940.0,93240.2,658.6,3.675,2.1583,255.6526,3.9358,95.9833,2.1414,-1.1666999999999996
ID,2010,9.125,65330.0,31948.0,56086.2,603.1083,9.6083,0.175,218.0762,4.6898,71.8417,3.2151,-0.48329999999999984
ID,2011,8.4417,63910.0,33447.0,57418.2,610.4583,8.9333,0.1017,224.923,4.4479,67.35,2.7816,-0.49159999999999826
ID,2012,7.525,63320.0,34812.0,57933.7,621.925,8.075,0.14,229.5861,3.6575,76.5417,1.8034,-0.5499999999999989
ID,2013,6.9,63270.0,35699.0,61712.6,637.5583,7.3583,0.1075,232.9517,3.9756,79.2083,2.3502,-0.4582999999999995
ID,2014,4.4083,68780.0,37107.0,64501.7,653.8,6.1583,0.0892,236.715,4.1689,84.125,2.5396,-1.75
ID,2015,3.9083,66490.0,38813.0,66064.9,671.55,5.275,0.1325,237.0018,3.8506,92.9417,2.1383,-1.3667000000000002
ID,2016,3.7083,72220.0,39653.0,69185.2,694.225,4.875,0.395,240.0054,3.654,91.8417,1.8374,-1.1667
ID,2017,3.1833,74650.0,41197.0,72935.1,714.8667,4.3583,1.0017,245.121,3.9898,96.7667,2.3295,-1.1749999999999998
ID,2018,2.875,72230.0,43254.0,79072.4,738.6167,3.8917,1.8317,251.0995,4.5446,98.3667,2.9112,-1.0167000000000002
ID,2019,2.8833,79970.0,45880.0,84429.4,760.175,3.675,2.1583,255.6526,3.9358,95.9833,2.1414,-0.7916999999999996
IL,2010,10.3917,70440.0,42107.0,663929.0,5610.4083,9.6083,0.175,218.0762,4.6898,71.8417,3.2151,0.7834000000000003
IL,2011,9.7667,68190.0,44075.0,691805.5,5678.1667,8.9333,0.1017,224.923,4.4479,67.35,2.7816,0.833400000000001
IL,2012,9.0333,68360.0,45934.0,725478.0,5750.7333,8.075,0.14,229.5861,3.6575,76.5417,1.8034,0.9583000000000013
IL,2013,9.075,70410.0,46735.0,742890.9,5803.3333,7.3583,0.1075,232.9517,3.9756,79.2083,2.3502,1.7166999999999994
IL,2014,7.1583,70680.0,48536.0,772291.7,5877.95,6.1583,0.0892,236.715,4.1689,84.125,2.5396,1.0
IL,2015,5.9917,77810.0,50688.0,802592.0,5965.4833,5.275,0.1325,237.0018,3.8506,92.9417,2.1383,0.7166999999999994
IL,2016,5.8833,78370.0,51347.0,813561.6,6013.0417,4.875,0.395,240.0054,3.654,91.8417,1.8374,1.0083000000000002
IL,2017,4.9583,82770.0,53056.0,832826.8,6056.175,4.3583,1.0017,245.121,3.9898,96.7667,2.3295,0.6000000000000005
IL,2018,4.3917,86270.0,56077.0,871024.2,6102.2667,3.8917,1.8317,251.0995,4.5446,98.3667,2.9112,0.5
IL,2019,3.975,90170.0,57738.0,895601.8,6125.425,3.675,2.1583,255.6526,3.9358,95.9833,2.1414,0.30000000000000027
IN,2010,9.975,64070.0,35590.0,284685.8,2800.4667,9.6083,0.175,218.0762,4.6898,71.8417,3.2151,0.3666999999999998
IN,2011,8.9083,59850.0,37681.0,292373.8,2846.375,8.9333,0.1017,224.923,4.4479,67.35,2.7816,-0.02499999999999858
IN,2012,8.2167,60980.0,39148.0,301277.4,2902.975,8.075,0.14,229.5861,3.6575,76.5417,1.8034,0.14170000000000016
IN,2013,7.5083,64560.0,39435.0,313466.9,2937.9083,7.3583,0.1075,232.9517,3.9756,79.2083,2.3502,0.15000000000000036
IN,2014,5.95,61860.0,40719.0,329360.9,2979.6667,6.1583,0.0892,236.715,4.1689,84.125,2.5396,-0.20829999999999949
IN,2015,4.8,66960.0,42146.0,333163.8,3034.2917,5.275,0.1325,237.0018,3.8506,92.9417,2.1383,-0.47500000000000053
IN,2016,4.3917,71620.0,43143.0,342716.6,3074.075,4.875,0.395,240.0054,3.654,91.8417,1.8374,-0.48329999999999984
IN,2017,3.525,73730.0,44568.0,357535.8,3107.525,4.3583,1.0017,245.121,3.9898,96.7667,2.3295,-0.8332999999999999
IN,2018,3.4333,73660.0,46555.0,377376.9,3139.2417,3.8917,1.8317,251.0995,4.5446,98.3667,2.9112,-0.45840000000000014
IN,2019,3.3167,80830.0,48270.0,384838.7,3160.1083,3.675,2.1583,255.6526,3.9358,95.9833,2.1414,-0.35829999999999984
IA,2010,6.0917,68060.0,38190.0,142497.7,1469.3,9.6083,0.175,218.0762,4.6898,71.8417,3.2151,-3.5165999999999995
IA,2011,5.5833,67630.0,40879.0,149026.1,1486.25,8.9333,0.1017,224.923,4.4479,67.35,2.7816,-3.3499999999999988
IA,2012,5.0083,70610.0,42539.0,158553.1,1508.875,8.075,0.14,229.5861,3.6575,76.5417,1.8034,-3.066699999999999
IA,2013,4.725,78530.0,43009.0,162415.0,1528.15,7.3583,0.1075,232.9517,3.9756,79.2083,2.3502,-2.6333
IA,2014,4.2583,74410.0,44120.0,173734.2,1546.9167,6.1583,0.0892,236.715,4.1689,84.125,2.5396,-1.8999999999999995
IA,2015,3.7167,78380.0,45442.0,181471.7,1561.3417,5.275,0.1325,237.0018,3.8506,92.9417,2.1383,-1.5583000000000005
IA,2016,3.6,75450.0,45669.0,183834.8,1570.8333,4.875,0.395,240.0054,3.654,91.8417,1.8374,-1.275
IA,2017,3.0917,79630.0,46767.0,187125.0,1572.8417,4.3583,1.0017,245.121,3.9898,96.7667,2.3295,-1.2666
IA,2018,2.5833,84520.0,48773.0,193155.1,1583.5333,3.8917,1.8317,251.0995,4.5446,98.3667,2.9112,-1.3084000000000002
IA,2019,2.6583,80050.0,49674.0,196262.5,1587.2083,3.675,2.1583,255.6526,3.9358,95.9833,2.1414,-1.0166999999999997
KS,2010,6.9417,63950.0,39821.0,129235.7,1330.575,9.6083,0.175,218.0762,4.6898,71.8417,3.2151,-2.6666
KS,2011,6.35,62150.0,42889.0,136747.1,1340.6083,8.9333,0.1017,224.923,4.4479,67.35,2.7816,-2.5832999999999995
KS,2012,5.6833,66060.0,44913.0,141812.1,1357.9917,8.075,0.14,229.5861,3.6575,76.5417,1.8034,-2.3916999999999993
KS,2013,5.3167,62420.0,45669.0,144999.3,1372.3917,7.3583,0.1075,232.9517,3.9756,79.2083,2.3502,-2.0416
KS,2014,4.525,68790.0,46289.0,150276.1,1391.4167,6.1583,0.0892,236.715,4.1689,84.125,2.5396,-1.6332999999999993
KS,2015,4.175,70670.0,46597.0,155699.0,1400.65,5.275,0.1325,237.0018,3.8506,92.9417,2.1383,-1.1000000000000005
KS,2016,4.05,72530.0,46717.0,162144.5,1404.6917,4.875,0.395,240.0054,3.654,91.8417,1.8374,-0.8250000000000002
KS,2017,3.6417,71390.0,48271.0,166273.6,1404.025,4.3583,1.0017,245.121,3.9898,96.7667,2.3295,-0.7165999999999997
KS,2018,3.3083,78640.0,50282.0,173373.0,1415.9583,3.8917,1.8317,251.0995,4.5446,98.3667,2.9112,-0.5834000000000001
KS,2019,3.15,88660.0,52156.0,176068.8,1423.8333,3.675,2.1583,255.6526,3.9358,95.9833,2.1414,-0.5249999999999999
KY,2010,10.2833,57070.0,33187.0,166656.3,1759.9417,9.6083,0.175,218.0762,4.6898,71.8417,3.2151,0.6750000000000007
KY,2011,9.375,53670.0,34607.0,171238.1,1783.6417,8.9333,0.1017,224.923,4.4479,67.35,2.7816,0.44170000000000087
KY,2012,8.1917,54280.0,35630.0,178370.6,1811.15,8.075,0.14,229.5861,3.6575,76.5417,1.8034,0.11670000000000158
KY,2013,7.9167,58580.0,35758.0,184920.6,1830.0833,7.3583,0.1075,232.9517,3.9756,79.2083,2.3502,0.5583999999999998
KY,2014,6.4417,55070.0,37225.0,188326.4,1857.6833,6.1583,0.0892,236.715,4.1689,84.125,2.5396,0.2834000000000003
KY,2015,5.25,54600.0,38766.0,194621.2,1885.7083,5.275,0.1325,237.0018,3.8506,92.9417,2.1383,-0.025000000000000355
KY,2016,5.075,57920.0,39319.0,197944.8,1908.4833,4.875,0.395,240.0054,3.654,91.8417,1.8374,0.20000000000000018
KY,2017,4.75,62320.0,40403.0,203564.0,1920.1333,4.3583,1.0017,245.121,3.9898,96.7667,2.3295,0.39170000000000016
KY,2018,4.2,67100.0,41658.0,210509.1,1930.4917,3.8917,1.8317,251.0995,4.5446,98.3667,2.9112,0.3083
KY,2019,4.0833,67460.0,43466.0,220678.8,1945.15,3.675,2.1583,255.6526,3.9358,95.9833,2.1414,0.40830000000000055
LA,2010,7.4333,54570.0,38067.0,226555.6,1887.8583,9.6083,0.175,218.0762,4.6898,71.8417,3.2151,-2.175
LA,2011,7.3417,54750.0,38966.0,230518.7,1905.5417,8.9333,0.1017,224.923,4.4479,67.35,2.7816,-1.5915999999999988
LA,2012,6.7167,51640.0,40662.0,235960.9,1929.3667,8.075,0.14,229.5861,3.6575,76.5417,1.8034,-1.358299999999999
LA,2013,6.375,60600.0,40996.0,231652.7,1956.5583,7.3583,0.1075,232.9517,3.9756,79.2083,2.3502,-0.9832999999999998
LA,2014,6.2417,54580.0,42533.0,240965.0,1987.4333,6.1583,0.0892,236.715,4.1689,84.125,2.5396,0.08340000000000014
LA,2015,6.2667,59150.0,42484.0,234324.2,1996.475,5.275,0.1325,237.0018,3.8506,92.9417,2.1383,0.9916999999999998
LA,2016,6.0417,53870.0,42132.0,227440.3,1975.6167,4.875,0.395,240.0054,3.654,91.8417,1.8374,1.1666999999999996
LA,2017,5.125,54660.0,43486.0,239830.7,1975.55,4.3583,1.0017,245.121,3.9898,96.7667,2.3295,0.7667000000000002
LA,2018,4.825,61460.0,45465.0,256444.4,1990.8917,3.8917,1.8317,251.0995,4.5446,98.3667,2.9112,0.9333
LA,2019,4.6333,62670.0,47015.0,257499.0,1993.8667,3.675,2.1583,255.6526,3.9358,95.9833,2.1414,0.9583000000000004
ME,2010,8.35,66550.0,38018.0,52802.5,593.35,9.6083,0.175,218.0762,4.6898,71.8417,3.2151,-1.2583000000000002
ME,2011,7.775,66920.0,39502.0,53104.5,594.825,8.9333,0.1017,224.923,4.4479,67.35,2.7816,-1.1582999999999988
ME,2012,7.2083,64950.0,39992.0,54018.5,598.4917,8.075,0.14,229.5861,3.6575,76.5417,1.8034,-0.8666999999999989
ME,2013,6.6833,71740.0,39950.0,54924.8,602.05,7.3583,0.1075,232.9517,3.9756,79.2083,2.3502,-0.6749999999999998
ME,2014,5.575,66560.0,41137.0,56537.4,605.4417,6.1583,0.0892,236.715,4.1689,84.125,2.5396,-0.5832999999999995
ME,2015,4.3917,65380.0,42939.0,58755.8,610.65,5.275,0.1325,237.0018,3.8506,92.9417,2.1383,-0.8833000000000002
ME,2016,3.7917,64930.0,44234.0,61092.2,617.9333,4.875,0.395,240.0054,3.654,91.8417,1.8374,-1.0833
ME,2017,3.375,66890.0,45905.0,63000.6,623.4833,4.3583,1.0017,245.121,3.9898,96.7667,2.3295,-0.9832999999999998
ME,2018,3.175,72150.0,47729.0,66216.0,629.825,3.8917,1.8317,251.0995,4.5446,98.3667,2.9112,-0.7167000000000003
ME,2019,2.9,80650.0,49983.0,69708.7,636.1083,3.675,2.1583,255.6526,3.9358,95.9833,2.1414,-0.7749999999999999
MD,2010,7.7667,89150.0,49616.0,313930.5,2535.65,9.6083,0.175,218.0762,4.6898,71.8417,3.2151,-1.8415999999999997
MD,2011,7.2833,92760.0,51797.0,324920.9,2562.0417,8.9333,0.1017,224.923,4.4479,67.35,2.7816,-1.6499999999999995
MD,2012,6.8667,94910.0,52481.0,331869.0,2592.175,8.075,0.14,229.5861,3.6575,76.5417,1.8034,-1.2082999999999995
MD,2013,6.5667,90530.0,51871.0,339895.8,2617.1833,7.3583,0.1075,232.9517,3.9756,79.2083,2.3502,-0.7915999999999999
MD,2014,5.7333,98030.0,53075.0,351743.1,2639.5083,6.1583,0.0892,236.715,4.1689,84.125,2.5396,-0.4249999999999998
MD,2015,5.0333,94790.0,55032.0,367314.1,2680.0667,5.275,0.1325,237.0018,3.8506,92.9417,2.1383,-0.2417000000000007
MD,2016,4.25,94170.0,56606.0,386496.4,2715.3,4.875,0.395,240.0054,3.654,91.8417,1.8374,-0.625
MD,2017,4.0667,103000.0,58245.0,399714.5,2745.05,4.3583,1.0017,245.121,3.9898,96.7667,2.3295,-0.29159999999999986
MD,2018,3.8083,106000.0,59915.0,410771.8,2769.8417,3.8917,1.8317,251.0995,4.5446,98.3667,2.9112,-0.08340000000000014
MD,2019,3.3833,115800.0,61723.0,419391.6,2789.1417,3.675,2.1583,255.6526,3.9358,95.9833,2.1414,-0.2916999999999996
MA,2010,8.1,84610.0,52707.0,409270.0,3221.55,9.6083,0.175,218.0762,4.6898,71.8417,3.2151,-1.5083000000000002
MA,2011,7.2333,85260.0,54757.0,423684.9,3258.9667,8.9333,0.1017,224.923,4.4479,67.35,2.7816,-1.6999999999999993
MA,2012,6.7,84100.0,56259.0,441373.9,3310.5083,8.075,0.14,229.5861,3.6575,76.5417,1.8034,-1.3749999999999991
MA,2013,6.6583,81620.0,56119.0,452580.4,3365.425,7.3583,0.1075,232.9517,3.9756,79.2083,2.3502,-0.7000000000000002
MA,2014,5.7583,81280.0,58129.0,469824.9,3432.125,6.1583,0.0892,236.715,4.1689,84.125,2.5396,-0.39999999999999947
MA,2015,4.8,87410.0,61536.0,497767.0,3500.2583,5.275,0.1325,237.0018,3.8506,92.9417,2.1383,-0.47500000000000053
MA,2016,4.0167,92260.0,63476.0,514108.0,3567.8833,4.875,0.395,240.0054,3.654,91.8417,1.8374,-0.8582999999999998
MA,2017,3.8333,95660.0,66069.0,530129.4,3615.6,4.3583,1.0017,245.121,3.9898,96.7667,2.3295,-0.5249999999999999
MA,2018,3.4583,106200.0,69191.0,559605.0,3656.1417,3.8917,1.8317,251.0995,4.5446,98.3667,2.9112,-0.43340000000000023
MA,2019,3.05,106300.0,72381.0,588069.5,3711.1667,3.675,2.1583,255.6526,3.9358,95.9833,2.1414,-0.625
MI,2010,12.7417,64260.0,35635.0,393179.6,3867.3667,9.6083,0.175,218.0762,4.6898,71.8417,3.2151,3.1334
MI,2011,10.1417,65830.0,37689.0,408354.1,3956.525,8.9333,0.1017,224.923,4.4479,67.35,2.7816,1.208400000000001
MI,2012,9.0667,66080.0,39042.0,426141.1,4039.1667,8.075,0.14,229.5861,3.6575,76.5417,1.8034,0.9917000000000016
MI,2013,8.7333,73840.0,39292.0,441470.8,4114.775,7.3583,0.1075,232.9517,3.9756,79.2083,2.3502,1.375
MI,2014,7.225,66930.0,40829.0,456123.5,4186.6667,6.1583,0.0892,236.715,4.1689,84.125,2.5396,1.0667
MI,2015,5.4167,69820.0,42982.0,479222.7,4249.0583,5.275,0.1325,237.0018,3.8506,92.9417,2.1383,0.14169999999999927
MI,2016,4.9917,72890.0,44080.0,494752.5,4327.1083,4.875,0.395,240.0054,3.654,91.8417,1.8374,0.1166999999999998
MI,2017,4.5833,70770.0,45264.0,505101.5,4377.8333,4.3583,1.0017,245.121,3.9898,96.7667,2.3295,0.22500000000000053
MI,2018,4.1667,74350.0,47089.0,525240.8,4426.9167,3.8917,1.8317,251.0995,4.5446,98.3667,2.9112,0.27499999999999947
MI,2019,4.075,77710.0,48577.0,540237.3,4444.075,3.675,2.1583,255.6526,3.9358,95.9833,2.1414,0.40000000000000036
MN,2010,7.3667,72650.0,42538.0,274649.2,2637.4333,9.6083,0.175,218.0762,4.6898,71.8417,3.2151,-2.2416
MN,2011,6.575,77870.0,45134.0,287070.8,2682.6167,8.9333,0.1017,224.923,4.4479,67.35,2.7816,-2.358299999999999
MN,2012,5.6583,81640.0,47399.0,298641.4,2725.85,8.075,0.14,229.5861,3.6575,76.5417,1.8034,-2.4166999999999996
MN,2013,5.0417,83970.0,47413.0,311752.1,2774.3,7.3583,0.1075,232.9517,3.9756,79.2083,2.3502,-2.3166
MN,2014,4.2417,86550.0,49357.0,324701.5,2813.5417,6.1583,0.0892,236.715,4.1689,84.125,2.5396,-1.9165999999999999
MN,2015,3.7583,88530.0,51353.0,336762.0,2859.25,5.275,0.1325,237.0018,3.8506,92.9417,2.1383,-1.5167000000000002
MN,2016,3.8667,89650.0,51982.0,345248.8,2898.675,4.875,0.395,240.0054,3.654,91.8417,1.8374,-1.0083000000000002
MN,2017,3.4417,87800.0,53826.0,354721.9,2938.5583,4.3583,1.0017,245.121,3.9898,96.7667,2.3295,-0.9165999999999999
MN,2018,3.025,88330.0,56201.0,372439.2,2963.8333,3.8917,1.8317,251.0995,4.5446,98.3667,2.9112,-0.8667000000000002
MN,2019,3.275,98680.0,57903.0,384850.2,2983.775,3.675,2.1583,255.6526,3.9358,95.9833,2.1414,-0.3999999999999999
MS,2010,10.125,52990.0,31213.0,94788.3,1092.4917,9.6083,0.175,218.0762,4.6898,71.8417,3.2151,0.5167000000000002
MS,2011,9.8,55340.0,32454.0,96799.1,1093.2917,8.9333,0.1017,224.923,4.4479,67.35,2.7816,0.8667000000000016
MS,2012,8.825,48410.0,33441.0,100905.4,1102.2917,8.075,0.14,229.5861,3.6575,76.5417,1.8034,0.75
MS,2013,8.4917,42210.0,33976.0,103042.6,1111.1417,7.3583,0.1075,232.9517,3.9756,79.2083,2.3502,1.1334
MS,2014,7.6,45720.0,34623.0,105219.5,1120.5167,6.1583,0.0892,236.715,4.1689,84.125,2.5396,1.4417
MS,2015,6.45,51570.0,35100.0,106623.9,1133.4667,5.275,0.1325,237.0018,3.8506,92.9417,2.1383,1.1749999999999998
MS,2016,5.9917,52470.0,35638.0,107795.4,1146.575,4.875,0.395,240.0054,3.654,91.8417,1.8374,1.1166999999999998
MS,2017,5.2083,54300.0,36579.0,110281.4,1151.4583,4.3583,1.0017,245.121,3.9898,96.7667,2.3295,0.8500000000000005
MS,2018,4.9417,52620.0,37624.0,113166.4,1153.825,3.8917,1.8317,251.0995,4.5446,98.3667,2.9112,1.0499999999999998
MS,2019,5.4917,54280.0,39142.0,116135.7,1157.925,3.675,2.1583,255.6526,3.9358,95.9833,2.1414,1.8167
MO,2010,9.4167,63620.0,36984.0,262013.4,2669.0167,9.6083,0.175,218.0762,4.6898,71.8417,3.2151,-0.19159999999999933
MO,2011,8.575,61640.0,38402.0,263330.0,2678.975,8.9333,0.1017,224.923,4.4479,67.35,2.7816,-0.35829999999999984
MO,2012,7.1417,65750.0,39983.0,272482.4,2697.7333,8.075,0.14,229.5861,3.6575,76.5417,1.8034,-0.9332999999999991
MO,2013,6.7583,60440.0,40121.0,282659.7,2723.8833,7.3583,0.1075,232.9517,3.9756,79.2083,2.3502,-0.5999999999999996
MO,2014,6.1667,72890.0,41380.0,289340.7,2753.3583,6.1583,0.0892,236.715,4.1689,84.125,2.5396,0.008399999999999963
MO,2015,5.1,76250.0,42677.0,299597.7,2811.4667,5.275,0.1325,237.0018,3.8506,92.9417,2.1383,-0.1750000000000007
MO,2016,4.575,70240.0,43826.0,304143.3,2853.2833,4.875,0.395,240.0054,3.654,91.8417,1.8374,-0.2999999999999998
MO,2017,3.7917,70930.0,44781.0,311273.8,2879.4417,4.3583,1.0017,245.121,3.9898,96.7667,2.3295,-0.5665999999999998
MO,2018,3.2333,75920.0,46680.0,320451.6,2892.9417,3.8917,1.8317,251.0995,4.5446,98.3667,2.9112,-0.6584000000000003
MO,2019,3.2333,73440.0,48425.0,334750.2,2915.0833,3.675,2.1583,255.6526,3.9358,95.9833,2.1414,-0.4417
MT,2010,7.15,57320.0,35999.0,38080.3,427.9917,9.6083,0.175,218.0762,4.6898,71.8417,3.2151,-2.4582999999999995
MT,2011,6.625,54240.0,38150.0,40592.3,431.1917,8.9333,0.1017,224.923,4.4479,67.35,2.7816,-2.308299999999999
MT,2012,5.7833,59570.0,40217.0,42150.2,440.35,8.075,0.14,229.5861,3.6575,76.5417,1.8034,-2.2916999999999996
MT,2013,5.3,56390.0,40142.0,43584.0,448.7167,7.3583,0.1075,232.9517,3.9756,79.2083,2.3502,-2.0583
MT,2014,4.6417,65770.0,41850.0,45203.8,453.375,6.1583,0.0892,236.715,4.1689,84.125,2.5396,-1.5165999999999995
MT,2015,4.2417,66200.0,43095.0,46542.4,462.1167,5.275,0.1325,237.0018,3.8506,92.9417,2.1383,-1.0333000000000006
MT,2016,4.2667,72870.0,43301.0,45859.4,468.075,4.875,0.395,240.0054,3.654,91.8417,1.8374,-0.6082999999999998
MT,2017,4.1,72030.0,45369.0,48470.5,472.8833,4.3583,1.0017,245.121,3.9898,96.7667,2.3295,-0.2583000000000002
MT,2018,3.725,70940.0,47208.0,51152.1,478.7333,3.8917,1.8317,251.0995,4.5446,98.3667,2.9112,-0.16670000000000007
MT,2019,3.5,72950.0,49654.0,52715.6,484.5167,3.675,2.1583,255.6526,3.9358,95.9833,2.1414,-0.17499999999999982
NE,2010,4.6417,72900.0,41085.0,91940.7,944.9917,9.6083,0.175,218.0762,4.6898,71.8417,3.2151,-4.9666
NE,2011,4.3667,74900.0,45607.0,100526.5,952.7917,8.9333,0.1017,224.923,4.4479,67.35,2.7816,-4.566599999999999
NE,2012,3.9167,68960.0,46385.0,102949.7,968.7667,8.075,0.14,229.5861,3.6575,76.5417,1.8034,-4.158299999999999
NE,2013,3.7167,75220.0,45911.0,107247.0,980.2417,7.3583,0.1075,232.9517,3.9756,79.2083,2.3502,-3.6416
NE,2014,3.2333,73200.0,48187.0,112763.3,992.6917,6.1583,0.0892,236.715,4.1689,84.125,2.5396,-2.925
NE,2015,2.975,77890.0,49708.0,117402.3,1006.4667,5.275,0.1325,237.0018,3.8506,92.9417,2.1383,-2.3000000000000003
NE,2016,3.1083,75800.0,48688.0,119389.8,1015.0833,4.875,0.395,240.0054,3.654,91.8417,1.8374,-1.7667000000000002
NE,2017,2.9583,74760.0,49533.0,123219.9,1018.9,4.3583,1.0017,245.121,3.9898,96.7667,2.3295,-1.4
NE,2018,2.9083,83110.0,51436.0,127954.4,1024.0,3.8917,1.8317,251.0995,4.5446,98.3667,2.9112,-0.9834
NE,2019,3.1167,88560.0,53513.0,132848.2,1026.8833,3.675,2.1583,255.6526,3.9358,95.9833,2.1414,-0.5583
NV,2010,13.25,71090.0,37289.0,125149.0,1117.9417,9.6083,0.175,218.0762,4.6898,71.8417,3.2151,3.6417
NV,2011,12.9833,63350.0,38595.0,128638.4,1125.7333,8.9333,0.1017,224.923,4.4479,67.35,2.7816,4.050000000000001
NV,2012,11.5333,62540.0,39680.0,130238.2,1144.6167,8.075,0.14,229.5861,3.6575,76.5417,1.8034,3.4583000000000013
NV,2013,9.9667,67680.0,39331.0,133592.5,1174.125,7.3583,0.1075,232.9517,3.9756,79.2083,2.3502,2.6083999999999996
NV,2014,8.2,64190.0,41126.0,136918.4,1215.7917,6.1583,0.0892,236.715,4.1689,84.125,2.5396,2.0416999999999996
NV,2015,6.8667,66990.0,43799.0,145786.8,1258.6833,5.275,0.1325,237.0018,3.8506,92.9417,2.1383,1.5916999999999994
NV,2016,5.8333,70770.0,44715.0,153318.0,1298.45,4.875,0.395,240.0054,3.654,91.8417,1.8374,0.9583000000000004
NV,2017,5.0083,72820.0,46991.0,163199.1,1339.9583,4.3583,1.0017,245.121,3.9898,96.7667,2.3295,0.6500000000000004
NV,2018,4.4083,76090.0,49289.0,172547.9,1383.625,3.8917,1.8317,251.0995,4.5446,98.3667,2.9112,0.5165999999999995
NV,2019,4.1083,85930.0,51942.0,184611.1,1421.5417,3.675,2.1583,255.6526,3.9358,95.9833,2.1414,0.4333
NH,2010,6.0583,92520.0,46982.0,65310.8,621.7333,9.6083,0.175,218.0762,4.6898,71.8417,3.2151,-3.55
NH,2011,5.4917,88720.0,49086.0,66557.3,624.9917,8.9333,0.1017,224.923,4.4479,67.35,2.7816,-3.4415999999999993
NH,2012,5.475,89600.0,50715.0,68412.0,631.35,8.075,0.14,229.5861,3.6575,76.5417,1.8034,-2.5999999999999996
NH,2013,5.25,90200.0,50423.0,70897.4,636.5333,7.3583,0.1075,232.9517,3.9756,79.2083,2.3502,-2.1083
NH,2014,4.3167,94470.0,51988.0,73455.1,643.4917,6.1583,0.0892,236.715,4.1689,84.125,2.5396,-1.8415999999999997
NH,2015,3.3917,97470.0,54161.0,77385.8,653.8583,5.275,0.1325,237.0018,3.8506,92.9417,2.1383,-1.8833000000000002
NH,2016,2.8917,97360.0,55677.0,79759.7,665.8333,4.875,0.395,240.0054,3.654,91.8417,1.8374,-1.9832999999999998
NH,2017,2.8083,94890.0,57878.0,81179.6,672.9833,4.3583,1.0017,245.121,3.9898,96.7667,2.3295,-1.5499999999999998
NH,2018,2.6333,100000.0,60335.0,83859.4,678.0,3.8917,1.8317,251.0995,4.5446,98.3667,2.9112,-1.2584
NH,2019,2.55,105300.0,63946.0,87868.2,684.3083,3.675,2.1583,255.6526,3.9358,95.9833,2.1414,-1.125
NJ,2010,9.6667,87430.0,50961.0,491229.0,3849.9167,9.6083,0.175,218.0762,4.6898,71.8417,3.2151,0.058400000000000674
NJ,2011,9.4,83950.0,52854.0,494292.8,3847.4417,8.9333,0.1017,224.923,4.4479,67.35,2.7816,0.4667000000000012
NJ,2012,9.45,88110.0,54235.0,516098.2,3889.0333,8.075,0.14,229.5861,3.6575,76.5417,1.8034,1.375
NJ,2013,8.4167,83220.0,54365.0,534212.1,3934.9583,7.3583,0.1075,232.9517,3.9756,79.2083,2.3502,1.0584000000000007
NJ,2014,6.6833,83970.0,56367.0,543824.1,3965.95,6.1583,0.0892,236.715,4.1689,84.125,2.5396,0.5250000000000004
NJ,2015,5.6917,88050.0,58408.0,565807.7,4008.6167,5.275,0.1325,237.0018,3.8506,92.9417,2.1383,0.4166999999999996
NJ,2016,4.9333,87410.0,59776.0,578651.4,4069.4667,4.875,0.395,240.0054,3.654,91.8417,1.8374,0.05830000000000002
NJ,2017,4.5167,89380.0,61704.0,590086.7,4124.7917,4.3583,1.0017,245.121,3.9898,96.7667,2.3295,0.15840000000000032
NJ,2018,4.0167,91230.0,64198.0,619340.2,4162.3583,3.8917,1.8317,251.0995,4.5446,98.3667,2.9112,0.125
NJ,2019,3.4583,106300.0,67518.0,643317.7,4199.8833,3.675,2.1583,255.6526,3.9358,95.9833,2.1414,-0.2166999999999999
NM,2010,7.8167,62670.0,33658.0,84862.6,801.85,9.6083,0.175,218.0762,4.6898,71.8417,3.2151,-1.7915999999999999
NM,2011,7.2167,56540.0,35069.0,87056.0,800.3917,8.9333,0.1017,224.923,4.4479,67.35,2.7816,-1.7165999999999988
NM,2012,6.95,57370.0,35694.0,87681.0,802.925,8.075,0.14,229.5861,3.6575,76.5417,1.8034,-1.1249999999999991
NM,2013,6.9,52430.0,34857.0,88773.3,809.8917,7.3583,0.1075,232.9517,3.9756,79.2083,2.3502,-0.4582999999999995
NM,2014,6.5583,60090.0,36880.0,92523.4,818.1167,6.1583,0.0892,236.715,4.1689,84.125,2.5396,0.40000000000000036
NM,2015,6.6083,58110.0,37752.0,90779.4,824.375,5.275,0.1325,237.0018,3.8506,92.9417,2.1383,1.3332999999999995
NM,2016,6.7833,61860.0,38474.0,90476.0,825.3917,4.875,0.395,240.0054,3.654,91.8417,1.8374,1.9082999999999997
NM,2017,6.1167,57210.0,39196.0,93210.1,828.8833,4.3583,1.0017,245.121,3.9898,96.7667,2.3295,1.7584
NM,2018,4.9333,59380.0,40976.0,98838.2,840.9917,3.8917,1.8317,251.0995,4.5446,98.3667,2.9112,1.0415999999999999
NM,2019,4.9667,64370.0,43223.0,103821.0,855.1583,3.675,2.1583,255.6526,3.9358,95.9833,2.1414,1.2917000000000005
NY,2010,8.7333,69120.0,48578.0,1217748.0,8544.6167,9.6083,0.175,218.0762,4.6898,71.8417,3.2151,-0.875
NY,2011,8.3583,68190.0,50772.0,1245769.4,8690.4333,8.9333,0.1017,224.923,4.4479,67.35,2.7816,-0.5749999999999993
NY,2012,8.65,63000.0,52625.0,1324471.3,8819.9167,8.075,0.14,229.5861,3.6575,76.5417,1.8034,0.5750000000000011
NY,2013,7.8167,65230.0,52874.0,1364632.9,8958.125,7.3583,0.1075,232.9517,3.9756,79.2083,2.3502,0.45840000000000014
NY,2014,6.2917,69900.0,54496.0,1434606.3,9123.9417,6.1583,0.0892,236.715,4.1689,84.125,2.5396,0.13339999999999996
NY,2015,5.2167,74710.0,56608.0,1498474.7,9291.0333,5.275,0.1325,237.0018,3.8506,92.9417,2.1383,-0.05830000000000002
NY,2016,4.875,78440.0,58400.0,1556830.0,9435.8583,4.875,0.395,240.0054,3.654,91.8417,1.8374,0.0
NY,2017,4.6417,77220.0,62206.0,1624800.7,9563.725,4.3583,1.0017,245.121,3.9898,96.7667,2.3295,0.2834000000000003
NY,2018,4.1,82740.0,64229.0,1710665.6,9687.4417,3.8917,1.8317,251.0995,4.5446,98.3667,2.9112,0.20829999999999949
NY,2019,3.8917,87080.0,66460.0,1787470.9,9791.8167,3.675,2.1583,255.6526,3.9358,95.9833,2.1414,0.21670000000000034
NC,2010,10.8,60860.0,35848.0,422282.2,3868.65,9.6083,0.175,218.0762,4.6898,71.8417,3.2151,1.1917000000000009
NC,2011,10.35,60880.0,36822.0,430040.1,3919.1833,8.9333,0.1017,224.923,4.4479,67.35,2.7816,1.4167000000000005
NC,2012,9.6,54900.0,38876.0,444063.2,3989.4583,8.075,0.14,229.5861,3.6575,76.5417,1.8034,1.5250000000000004
NC,2013,7.775,60490.0,38074.0,460946.4,4062.575,7.3583,0.1075,232.9517,3.9756,79.2083,2.3502,0.4167000000000005
NC,2014,6.1167,60210.0,39880.0,482295.7,4147.375,6.1583,0.0892,236.715,4.1689,84.125,2.5396,-0.04159999999999986
NC,2015,5.6583,65430.0,41632.0,508672.4,4249.8333,5.275,0.1325,237.0018,3.8506,92.9417,2.1383,0.3832999999999993
NC,2016,5.1,68640.0,42596.0,528284.3,4351.1333,4.875,0.395,240.0054,3.654,91.8417,1.8374,0.22499999999999964
NC,2017,4.55,62170.0,44219.0,546810.1,4425.1417,4.3583,1.0017,245.121,3.9898,96.7667,2.3295,0.19169999999999998
NC,2018,4.0083,65640.0,46048.0,568037.3,4509.825,3.8917,1.8317,251.0995,4.5446,98.3667,2.9112,0.11660000000000004
NC,2019,3.875,74120.0,48374.0,592449.6,4597.6833,3.675,2.1583,255.6526,3.9358,95.9833,2.1414,0.20000000000000018
ND,2010,3.6583,70820.0,44081.0,35651.8,376.6417,9.6083,0.175,218.0762,4.6898,71.8417,3.2151,-5.949999999999999
ND,2011,3.3417,75900.0,48873.0,41602.1,397.1833,8.9333,0.1017,224.923,4.4479,67.35,2.7816,-5.5916
ND,2012,2.9417,73680.0,56056.0,52079.1,429.5167,8.075,0.14,229.5861,3.6575,76.5417,1.8034,-5.133299999999999
ND,2013,2.8917,77220.0,54337.0,54877.0,445.1167,7.3583,0.1075,232.9517,3.9756,79.2083,2.3502,-4.4666
ND,2014,2.6667,78160.0,56647.0,61108.3,462.0333,6.1583,0.0892,236.715,4.1689,84.125,2.5396,-3.4915999999999996
ND,2015,2.775,73950.0,52972.0,56952.2,454.4417,5.275,0.1325,237.0018,3.8506,92.9417,2.1383,-2.5000000000000004
ND,2016,3.0167,76840.0,51298.0,52666.3,435.3917,4.875,0.395,240.0054,3.654,91.8417,1.8374,-1.8582999999999998
ND,2017,2.6,75490.0,51830.0,56530.2,432.825,4.3583,1.0017,245.121,3.9898,96.7667,2.3295,-1.7582999999999998
ND,2018,2.3917,81790.0,55173.0,60377.1,436.5083,3.8917,1.8317,251.0995,4.5446,98.3667,2.9112,-1.5
ND,2019,2.15,84870.0,56657.0,60892.5,440.9667,3.675,2.1583,255.6526,3.9358,95.9833,2.1414,-1.525
OH,2010,9.9917,63710.0,36580.0,500274.2,5037.05,9.6083,0.175,218.0762,4.6898,71.8417,3.2151,0.38339999999999996
OH,2011,8.7583,60130.0,38927.0,525456.4,5109.025,8.9333,0.1017,224.923,4.4479,67.35,2.7816,-0.17499999999999893
OH,2012,7.3917,58630.0,40279.0,543035.4,5202.6167,8.075,0.14,229.5861,3.6575,76.5417,1.8034,-0.6832999999999991
OH,2013,7.3833,66250.0,40752.0,566419.9,5267.8583,7.3583,0.1075,232.9517,3.9756,79.2083,2.3502,0.025000000000000355
OH,2014,5.8167,63900.0,42277.0,597152.3,5343.975,6.1583,0.0892,236.715,4.1689,84.125,2.5396,-0.3415999999999997
OH,2015,4.9583,68650.0,43799.0,615275.5,5424.2083,5.275,0.1325,237.0018,3.8506,92.9417,2.1383,-0.3167
OH,2016,5.0583,68920.0,44574.0,627294.7,5482.9417,4.875,0.395,240.0054,3.654,91.8417,1.8374,0.18330000000000002
OH,2017,4.9333,76140.0,46114.0,652187.5,5527.6917,4.3583,1.0017,245.121,3.9898,96.7667,2.3295,0.5750000000000002
OH,2018,4.475,75800.0,47821.0,672540.1,5563.8583,3.8917,1.8317,251.0995,4.5446,98.3667,2.9112,0.5832999999999995
OH,2019,4.125,78370.0,49395.0,702914.8,5596.4167,3.675,2.1583,255.6526,3.9358,95.9833,2.1414,0.4500000000000002
OK,2010,6.4417,59850.0,37157.0,155267.5,1555.825,9.6083,0.175,218.0762,4.6898,71.8417,3.2151,-3.1666
OK,2011,5.5667,65260.0,39694.0,167207.9,1577.9917,8.9333,0.1017,224.923,4.4479,67.35,2.7816,-3.366599999999999
OK,2012,5.075,63960.0,41905.0,175361.2,1614.1167,8.075,0.14,229.5861,3.6575,76.5417,1.8034,-2.999999999999999
OK,2013,5.1167,60260.0,43607.0,184104.6,1635.25,7.3583,0.1075,232.9517,3.9756,79.2083,2.3502,-2.2416
OK,2014,4.3417,60750.0,45884.0,197074.1,1656.2333,6.1583,0.0892,236.715,4.1689,84.125,2.5396,-1.8165999999999993
OK,2015,4.2833,60640.0,44279.0,187364.7,1667.6833,5.275,0.1325,237.0018,3.8506,92.9417,2.1383,-0.9917000000000007
OK,2016,4.65,65040.0,42053.0,182238.8,1653.025,4.875,0.395,240.0054,3.654,91.8417,1.8374,-0.22499999999999964
OK,2017,4.0333,65100.0,43873.0,192538.6,1662.7,4.3583,1.0017,245.121,3.9898,96.7667,2.3295,-0.3250000000000002
OK,2018,3.2917,66950.0,46030.0,204193.9,1689.5917,3.8917,1.8317,251.0995,4.5446,98.3667,2.9112,-0.6000000000000001
OK,2019,3.1167,71990.0,48177.0,205992.7,1705.45,3.675,2.1583,255.6526,3.9358,95.9833,2.1414,-0.5583
OR,2010,10.5583,70260.0,35941.0,163150.5,1605.1083,9.6083,0.175,218.0762,4.6898,71.8417,3.2151,0.9499999999999993
OR,2011,9.4583,69390.0,37531.0,169693.8,1623.75,8.9333,0.1017,224.923,4.4479,67.35,2.7816,0.5250000000000004
OR,2012,8.7083,68410.0,39128.0,173856.8,1644.1917,8.075,0.14,229.5861,3.6575,76.5417,1.8034,0.6333000000000002
OR,2013,7.75,63960.0,39462.0,178975.4,1679.45,7.3583,0.1075,232.9517,3.9756,79.2083,2.3502,0.39170000000000016
OR,2014,6.6417,75780.0,41654.0,187837.6,1727.5333,6.1583,0.0892,236.715,4.1689,84.125,2.5396,0.4834000000000005
OR,2015,5.4583,78360.0,44166.0,200592.6,1788.6667,5.275,0.1325,237.0018,3.8506,92.9417,2.1383,0.18330000000000002
OR,2016,4.75,75500.0,45467.0,211782.4,1844.0083,4.875,0.395,240.0054,3.654,91.8417,1.8374,-0.125
OR,2017,4.0667,78410.0,47566.0,225534.5,1886.6333,4.3583,1.0017,245.121,3.9898,96.7667,2.3295,-0.29159999999999986
OR,2018,4.0333,85070.0,50209.0,238466.9,1923.15,3.8917,1.8317,251.0995,4.5446,98.3667,2.9112,0.1415999999999995
OR,2019,3.725,90190.0,52190.0,248781.8,1954.5083,3.675,2.1583,255.6526,3.9358,95.9833,2.1414,0.050000000000000266
PA,2010,8.1167,67090.0,42097.0,604629.6,5621.8917,9.6083,0.175,218.0762,4.6898,71.8417,3.2151,-1.4916
PA,2011,7.7,67210.0,44119.0,623767.9,5686.675,8.9333,0.1017,224.923,4.4479,67.35,2.7816,-1.233299999999999
PA,2012,7.5833,68580.0,45637.0,646434.3,5726.7333,8.075,0.14,229.5861,3.6575,76.5417,1.8034,-0.4916999999999989
PA,2013,7.05,72000.0,45902.0,670767.4,5741.0917,7.3583,0.1075,232.9517,3.9756,79.2083,2.3502,-0.3083
PA,2014,5.9667,71010.0,47467.0,695546.6,5788.1667,6.1583,0.0892,236.715,4.1689,84.125,2.5396,-0.19159999999999933
PA,2015,5.4167,77780.0,49291.0,716534.3,5834.4417,5.275,0.1325,237.0018,3.8506,92.9417,2.1383,0.14169999999999927
PA,2016,5.3333,77850.0,50572.0,733165.9,5882.525,4.875,0.395,240.0054,3.654,91.8417,1.8374,0.4583000000000004
PA,2017,4.975,76890.0,51886.0,754318.0,5941.925,4.3583,1.0017,245.121,3.9898,96.7667,2.3295,0.6166999999999998
PA,2018,4.4083,79360.0,54468.0,780620.7,6010.75,3.8917,1.8317,251.0995,4.5446,98.3667,2.9112,0.5165999999999995
PA,2019,4.2667,85540.0,56139.0,802233.1,6066.1083,3.675,2.1583,255.6526,3.9358,95.9833,2.1414,0.5917000000000003
RI,2010,11.6167,71680.0,42630.0,49409.1,462.1583,9.6083,0.175,218.0762,4.6898,71.8417,3.2151,2.0084
RI,2011,11.1,66030.0,44095.0,50123.7,464.65,8.9333,0.1017,224.923,4.4479,67.35,2.7816,2.1667000000000005
RI,2012,10.3,74070.0,45298.0,51527.5,469.6833,8.075,0.14,229.5861,3.6575,76.5417,1.8034,2.2250000000000014
RI,2013,9.4833,73520.0,45104.0,52994.2,475.7583,7.3583,0.1075,232.9517,3.9756,79.2083,2.3502,2.125
RI,2014,7.7667,75470.0,46630.0,54612.5,482.9,6.1583,0.0892,236.715,4.1689,84.125,2.5396,1.6084000000000005
RI,2015,6.0167,71740.0,48049.0,56604.0,489.6,5.275,0.1325,237.0018,3.8506,92.9417,2.1383,0.7416999999999998
RI,2016,5.2417,78550.0,48515.0,57714.6,494.2083,4.875,0.395,240.0054,3.654,91.8417,1.8374,0.3666999999999998
RI,2017,4.475,82060.0,50414.0,58771.6,498.0333,4.3583,1.0017,245.121,3.9898,96.7667,2.3295,0.1166999999999998
RI,2018,4.05,76580.0,52132.0,60064.9,501.1417,3.8917,1.8317,251.0995,4.5446,98.3667,2.9112,0.15829999999999966
RI,2019,3.525,85020.0,55123.0,62814.7,504.625,3.675,2.1583,255.6526,3.9358,95.9833,2.1414,-0.1499999999999999
SC,2010,11.0833,57900.0,32749.0,166767.4,1813.025,9.6083,0.175,218.0762,4.6898,71.8417,3.2151,1.4749999999999996
SC,2011,10.3583,53980.0,34406.0,172844.7,1834.825,8.9333,0.1017,224.923,4.4479,67.35,2.7816,1.4250000000000007
SC,2012,9.0333,58660.0,35807.0,178503.9,1866.6417,8.075,0.14,229.5861,3.6575,76.5417,1.8034,0.9583000000000013
SC,2013,7.425,56870.0,35923.0,186268.3,1903.425,7.3583,0.1075,232.9517,3.9756,79.2083,2.3502,0.06669999999999998
SC,2014,6.3,57830.0,37755.0,195744.4,1953.7083,6.1583,0.0892,236.715,4.1689,84.125,2.5396,0.14170000000000016
SC,2015,5.9,59710.0,39598.0,207510.0,2009.1917,5.275,0.1325,237.0018,3.8506,92.9417,2.1383,0.625
SC,2016,4.9,69370.0,40752.0,217555.5,2058.1333,4.875,0.395,240.0054,3.654,91.8417,1.8374,0.025000000000000355
SC,2017,4.1917,68430.0,42385.0,224937.6,2099.25,4.3583,1.0017,245.121,3.9898,96.7667,2.3295,-0.16659999999999986
SC,2018,3.3667,70650.0,43817.0,236561.7,2157.7833,3.8917,1.8317,251.0995,4.5446,98.3667,2.9112,-0.5250000000000004
SC,2019,2.7667,75180.0,46150.0,249575.7,2192.5333,3.675,2.1583,255.6526,3.9358,95.9833,2.1414,-0.9082999999999997
SD,2010,4.8583,62970.0,41275.0,38208.2,402.325,9.6083,0.175,218.0762,4.6898,71.8417,3.2151,-4.75
SD,2011,4.5583,63600.0,44532.0,42082.7,406.9833,8.9333,0.1017,224.923,4.4479,67.35,2.7816,-4.374999999999999
SD,2012,4.0167,65290.0,44996.0,44127.3,413.7833,8.075,0.14,229.5861,3.6575,76.5417,1.8034,-4.058299999999999
SD,2013,3.7,69720.0,44988.0,45498.6,417.4583,7.3583,0.1075,232.9517,3.9756,79.2083,2.3502,-3.6582999999999997
SD,2014,3.3417,68280.0,46732.0,47159.9,423.75,6.1583,0.0892,236.715,4.1689,84.125,2.5396,-2.8165999999999998
SD,2015,3.025,70930.0,48308.0,48678.9,428.2667,5.275,0.1325,237.0018,3.8506,92.9417,2.1383,-2.2500000000000004
SD,2016,3.0,73350.0,48284.0,49842.6,432.0917,4.875,0.395,240.0054,3.654,91.8417,1.8374,-1.875
SD,2017,3.0167,71410.0,49408.0,51615.1,434.0083,4.3583,1.0017,245.121,3.9898,96.7667,2.3295,-1.3415999999999997
SD,2018,2.7667,73130.0,51579.0,53349.5,437.6917,3.8917,1.8317,251.0995,4.5446,98.3667,2.9112,-1.125
SD,2019,2.7417,77870.0,54408.0,55175.8,440.4417,3.675,2.1583,255.6526,3.9358,95.9833,2.1414,-0.9333
TN,2010,9.8,53580.0,35809.0,258657.6,2622.0333,9.6083,0.175,218.0762,4.6898,71.8417,3.2151,0.19170000000000087
TN,2011,9.0417,56940.0,37696.0,270055.0,2669.3167,8.9333,0.1017,224.923,4.4479,67.35,2.7816,0.10840000000000138
TN,2012,7.925,56810.0,39079.0,285897.5,2723.65,8.075,0.14,229.5861,3.6575,76.5417,1.8034,-0.14999999999999947
TN,2013,7.625,56600.0,39099.0,296756.3,2768.9417,7.3583,0.1075,232.9517,3.9756,79.2083,2.3502,0.26670000000000016
TN,2014,6.575,56270.0,40225.0,307448.5,2829.875,6.1583,0.0892,236.715,4.1689,84.125,2.5396,0.4167000000000005
TN,2015,5.525,60960.0,41937.0,326382.5,2901.0,5.275,0.1325,237.0018,3.8506,92.9417,2.1383,0.25
TN,2016,4.7417,65550.0,42938.0,339350.2,2973.2167,4.875,0.395,240.0054,3.654,91.8417,1.8374,-0.1333000000000002
TN,2017,3.7333,69390.0,44407.0,355417.5,3021.1417,4.3583,1.0017,245.121,3.9898,96.7667,2.3295,-0.625
TN,2018,3.5,68950.0,46449.0,369713.2,3071.75,3.8917,1.8317,251.0995,4.5446,98.3667,2.9112,-0.39170000000000016
TN,2019,3.3333,68630.0,48903.0,385833.0,3125.925,3.675,2.1583,255.6526,3.9358,95.9833,2.1414,-0.3416999999999999
TX,2010,8.25,65630.0,38911.0,1255660.8,10376.3167,9.6083,0.175,218.0762,4.6898,71.8417,3.2151,-1.3582999999999998
TX,2011,8.0333,66050.0,41941.0,1351776.9,10607.3583,8.9333,0.1017,224.923,4.4479,67.35,2.7816,-0.8999999999999986
TX,2012,6.7083,68610.0,43869.0,1429588.0,10916.775,8.075,0.14,229.5861,3.6575,76.5417,1.8034,-1.366699999999999
TX,2013,6.3167,67100.0,44403.0,1526781.9,11243.6167,7.3583,0.1075,232.9517,3.9756,79.2083,2.3502,-1.0415999999999999
TX,2014,5.1833,69340.0,46747.0,1592177.6,11595.175,6.1583,0.0892,236.715,4.1689,84.125,2.5396,-0.9749999999999996
TX,2015,4.4667,72740.0,46767.0,1585985.9,11867.0833,5.275,0.1325,237.0018,3.8506,92.9417,2.1383,-0.8083
TX,2016,4.6667,74240.0,45868.0,1582981.5,12016.1333,4.875,0.395,240.0054,3.654,91.8417,1.8374,-0.20830000000000037
TX,2017,4.3583,75400.0,48524.0,1667313.0,12231.4,4.3583,1.0017,245.121,3.9898,96.7667,2.3295,0.0
TX,2018,3.9167,73530.0,51346.0,1808026.9,12522.175,3.8917,1.8317,251.0995,4.5446,98.3667,2.9112,0.02499999999999991
TX,2019,3.525,81740.0,53271.0,1864872.3,12813.2833,3.675,2.1583,255.6526,3.9358,95.9833,2.1414,-0.1499999999999999
UT,2010,8.2583,78730.0,32037.0,118296.3,1182.475,9.6083,0.175,218.0762,4.6898,71.8417,3.2151,-1.3499999999999996
UT,2011,7.2167,74730.0,34015.0,125137.8,1207.7833,8.9333,0.1017,224.923,4.4479,67.35,2.7816,-1.7165999999999988
UT,2012,4.7583,77080.0,35622.0,129431.4,1250.35,8.075,0.14,229.5861,3.6575,76.5417,1.8034,-3.316699999999999
UT,2013,4.1917,79690.0,36102.0,135344.3,1290.35,7.3583,0.1075,232.9517,3.9756,79.2083,2.3502,-3.1666
UT,2014,3.625,81580.0,37621.0,142627.7,1327.075,6.1583,0.0892,236.715,4.1689,84.125,2.5396,-2.5332999999999997
UT,2015,3.5,85340.0,39881.0,149762.1,1377.6833,5.275,0.1325,237.0018,3.8506,92.9417,2.1383,-1.7750000000000004
UT,2016,3.3333,86150.0,41295.0,159330.6,1425.9333,4.875,0.395,240.0054,3.654,91.8417,1.8374,-1.5417
UT,2017,3.1583,87560.0,43030.0,172075.0,1468.0583,4.3583,1.0017,245.121,3.9898,96.7667,2.3295,-1.1999999999999997
UT,2018,2.9167,94780.0,45463.0,186805.7,1515.775,3.8917,1.8317,251.0995,4.5446,98.3667,2.9112,-0.9750000000000001
UT,2019,2.5417,102400.0,48163.0,201312.2,1557.425,3.675,2.1583,255.6526,3.9358,95.9833,2.1414,-1.1332999999999998
VT,2010,6.2083,77660.0,41491.0,27478.3,298.2167,9.6083,0.175,218.0762,4.6898,71.8417,3.2151,-3.3999999999999995
VT,2011,5.4,69840.0,43754.0,28558.5,300.8417,8.9333,0.1017,224.923,4.4479,67.35,2.7816,-3.5332999999999988
VT,2012,4.7833,73440.0,44858.0,29325.6,304.6833,8.075,0.14,229.5861,3.6575,76.5417,1.8034,-3.2916999999999996
VT,2013,4.4167,85520.0,45296.0,29477.6,306.7833,7.3583,0.1075,232.9517,3.9756,79.2083,2.3502,-2.9416
VT,2014,3.9083,78140.0,46894.0,30359.4,309.6833,6.1583,0.0892,236.715,4.1689,84.125,2.5396,-2.2499999999999996
VT,2015,3.475,76630.0,48117.0,31152.4,312.3583,5.275,0.1325,237.0018,3.8506,92.9417,2.1383,-1.8000000000000003
VT,2016,3.125,77670.0,48827.0,31840.2,313.3,4.875,0.395,240.0054,3.654,91.8417,1.8374,-1.75
VT,2017,2.95,79900.0,50009.0,32589.2,315.1583,4.3583,1.0017,245.121,3.9898,96.7667,2.3295,-1.4082999999999997
VT,2018,2.5,86170.0,51691.0,33482.6,316.0417,3.8917,1.8317,251.0995,4.5446,98.3667,2.9112,-1.3917000000000002
VT,2019,2.1,90050.0,54278.0,34760.3,316.3583,3.675,2.1583,255.6526,3.9358,95.9833,2.1414,-1.5749999999999997
VA,2010,6.8083,83820.0,45442.0,425490.8,3646.6083,9.6083,0.175,218.0762,4.6898,71.8417,3.2151,-2.8
VA,2011,6.2833,84330.0,47563.0,433683.7,3694.075,8.9333,0.1017,224.923,4.4479,67.35,2.7816,-2.6499999999999995
VA,2012,5.8167,85390.0,49049.0,445008.5,3736.975,8.075,0.14,229.5861,3.6575,76.5417,1.8034,-2.2582999999999993
VA,2013,5.525,86030.0,48195.0,456911.6,3763.2,7.3583,0.1075,232.9517,3.9756,79.2083,2.3502,-1.8332999999999995
VA,2014,5.0667,85150.0,49760.0,465601.7,3784.1333,6.1583,0.0892,236.715,4.1689,84.125,2.5396,-1.0915999999999997
VA,2015,4.375,79200.0,51617.0,485540.9,3860.475,5.275,0.1325,237.0018,3.8506,92.9417,2.1383,-0.9000000000000004
VA,2016,4.0,84840.0,52656.0,499032.4,3918.475,4.875,0.395,240.0054,3.654,91.8417,1.8374,-0.875
VA,2017,3.625,88840.0,54377.0,515167.2,3964.2167,4.3583,1.0017,245.121,3.9898,96.7667,2.3295,-0.7332999999999998
VA,2018,3.0,94890.0,56130.0,537158.3,4018.6583,3.8917,1.8317,251.0995,4.5446,98.3667,2.9112,-0.8917000000000002
VA,2019,2.725,98550.0,58362.0,561701.8,4065.55,3.675,2.1583,255.6526,3.9358,95.9833,2.1414,-0.9499999999999997
WA,2010,9.9917,77980.0,42327.0,363544.2,2835.5667,9.6083,0.175,218.0762,4.6898,71.8417,3.2151,0.38339999999999996
WA,2011,9.4333,76560.0,44279.0,377518.8,2871.9417,8.9333,0.1017,224.923,4.4479,67.35,2.7816,0.5
WA,2012,8.4417,82160.0,47053.0,398358.5,2919.25,8.075,0.14,229.5861,3.6575,76.5417,1.8034,0.3667000000000016
WA,2013,6.625,83440.0,47448.0,416924.1,2983.875,7.3583,0.1075,232.9517,3.9756,79.2083,2.3502,-0.7332999999999998
WA,2014,5.9333,76030.0,50259.0,439851.2,3057.0333,6.1583,0.0892,236.715,4.1689,84.125,2.5396,-0.22499999999999964
WA,2015,5.4417,86610.0,52408.0,467590.6,3144.1833,5.275,0.1325,237.0018,3.8506,92.9417,2.1383,0.16669999999999963
WA,2016,5.1917,89770.0,54296.0,489790.2,3240.9333,4.875,0.395,240.0054,3.654,91.8417,1.8374,0.3167
WA,2017,4.65,89760.0,56800.0,527169.4,3320.45,4.3583,1.0017,245.121,3.9898,96.7667,2.3295,0.2917000000000005
WA,2018,4.4,98060.0,59824.0,570337.8,3400.9167,3.8917,1.8317,251.0995,4.5446,98.3667,2.9112,0.5083000000000002
WA,2019,4.1833,99930.0,63431.0,608643.4,3467.8167,3.675,2.1583,255.6526,3.9358,95.9833,2.1414,0.5083000000000002
WV,2010,8.4,59400.0,32642.0,66160.4,712.95,9.6083,0.175,218.0762,4.6898,71.8417,3.2151,-1.2082999999999995
WV,2011,7.7083,56320.0,34490.0,69367.6,720.2417,8.9333,0.1017,224.923,4.4479,67.35,2.7816,-1.2249999999999988
WV,2012,7.2,57540.0,35233.0,70303.1,729.05,8.075,0.14,229.5861,3.6575,76.5417,1.8034,-0.8749999999999991
WV,2013,6.7083,56220.0,35093.0,71758.6,726.175,7.3583,0.1075,232.9517,3.9756,79.2083,2.3502,-0.6499999999999995
WV,2014,6.4917,50910.0,36243.0,73042.6,724.0333,6.1583,0.0892,236.715,4.1689,84.125,2.5396,0.33340000000000014
WV,2015,6.5417,55160.0,37068.0,71713.4,720.8,5.275,0.1325,237.0018,3.8506,92.9417,2.1383,1.2666999999999993
WV,2016,6.075,56630.0,37075.0,71248.9,711.6167,4.875,0.395,240.0054,3.654,91.8417,1.8374,1.2000000000000002
WV,2017,5.2,58920.0,38841.0,75172.4,710.075,4.3583,1.0017,245.121,3.9898,96.7667,2.3295,0.8417000000000003
WV,2018,5.1417,62200.0,41001.0,79794.3,720.0333,3.8917,1.8317,251.0995,4.5446,98.3667,2.9112,1.25
WV,2019,4.925,65090.0,42615.0,80242.4,715.825,3.675,2.1583,255.6526,3.9358,95.9833,2.1414,1.25
WI,2010,8.4167,69910.0,39048.0,256159.5,2724.9,9.6083,0.175,218.0762,4.6898,71.8417,3.2151,-1.1915999999999993
WI,2011,7.55,70110.0,41067.0,265444.0,2751.7417,8.9333,0.1017,224.923,4.4479,67.35,2.7816,-1.3832999999999993
WI,2012,6.9167,70130.0,42639.0,276253.4,2781.3,8.075,0.14,229.5861,3.6575,76.5417,1.8034,-1.1582999999999997
WI,2013,6.6667,67520.0,42685.0,283791.4,2809.7083,7.3583,0.1075,232.9517,3.9756,79.2083,2.3502,-0.6916000000000002
WI,2014,5.3667,74750.0,44156.0,296169.9,2853.1667,6.1583,0.0892,236.715,4.1689,84.125,2.5396,-0.7915999999999999
WI,2015,4.4167,71390.0,45928.0,308304.5,2893.3917,5.275,0.1325,237.0018,3.8506,92.9417,2.1383,-0.8583000000000007
WI,2016,3.9333,76370.0,46595.0,315420.0,2929.7333,4.875,0.395,240.0054,3.654,91.8417,1.8374,-0.9417
WI,2017,3.2833,79650.0,48311.0,321886.8,2952.1833,4.3583,1.0017,245.121,3.9898,96.7667,2.3295,-1.0749999999999997
WI,2018,3.0,77030.0,50520.0,335144.3,2980.65,3.8917,1.8317,251.0995,4.5446,98.3667,2.9112,-0.8917000000000002
WI,2019,3.2083,81630.0,52370.0,346906.6,2988.5917,3.675,2.1583,255.6526,3.9358,95.9833,2.1414,-0.4666999999999999
WY,2010,6.875,72480.0,46395.0,37567.5,284.475,9.6083,0.175,218.0762,4.6898,71.8417,3.2151,-2.7333
WY,2011,6.0667,73410.0,50631.0,39615.1,289.2833,8.9333,0.1017,224.923,4.4479,67.35,2.7816,-2.866599999999999
WY,2012,5.4417,75990.0,53597.0,38679.3,292.7917,8.075,0.14,229.5861,3.6575,76.5417,1.8034,-2.6332999999999993
WY,2013,4.7167,88040.0,52835.0,39365.6,293.975,7.3583,0.1075,232.9517,3.9756,79.2083,2.3502,-2.6415999999999995
WY,2014,4.3583,71680.0,56251.0,40573.9,298.4083,6.1583,0.0892,236.715,4.1689,84.125,2.5396,-1.7999999999999998
WY,2015,4.25,78470.0,56120.0,38624.8,296.875,5.275,0.1325,237.0018,3.8506,92.9417,2.1383,-1.0250000000000004
WY,2016,5.275,73830.0,53419.0,36105.9,285.95,4.875,0.395,240.0054,3.654,91.8417,1.8374,0.40000000000000036
WY,2017,4.3417,74700.0,56378.0,37620.3,283.5833,4.3583,1.0017,245.121,3.9898,96.7667,2.3295,-0.016599999999999504
WY,2018,4.0667,76920.0,59197.0,39614.5,285.95,3.8917,1.8317,251.0995,4.5446,98.3667,2.9112,0.17499999999999982
WY,2019,3.7333,78940.0,61853.0,40029.5,290.6417,3.675,2.1583,255.6526,3.9358,95.9833,2.1414,0.05830000000000002
DC,2010,9.775,79050.0,63190.0,106128.6,712.225,9.6083,0.175,218.0762,4.6898,71.8417,3.2151,0.16670000000000051
DC,2011,10.0833,74410.0,66985.0,109953.9,726.0083,8.9333,0.1017,224.923,4.4479,67.35,2.7816,1.1500000000000004
DC,2012,8.9583,86200.0,67522.0,112512.7,732.65,8.075,0.14,229.5861,3.6575,76.5417,1.8034,0.8833000000000002
DC,2013,8.4167,78400.0,67081.0,114832.7,743.3583,7.3583,0.1075,232.9517,3.9756,79.2083,2.3502,1.0584000000000007
DC,2014,7.7167,87880.0,70527.0,119998.0,748.1667,6.1583,0.0892,236.715,4.1689,84.125,2.5396,1.5584000000000007
DC,2015,6.8833,90250.0,74784.0,124753.6,763.7417,5.275,0.1325,237.0018,3.8506,92.9417,2.1383,1.6082999999999998
DC,2016,6.2333,90620.0,77500.0,129933.5,777.0583,4.875,0.395,240.0054,3.654,91.8417,1.8374,1.3582999999999998
DC,2017,6.1083,102000.0,79567.0,134298.8,784.3833,4.3583,1.0017,245.121,3.9898,96.7667,2.3295,1.75
DC,2018,5.7167,105500.0,82272.0,141240.2,792.8583,3.8917,1.8317,251.0995,4.5446,98.3667,2.9112,1.8250000000000002
DC,2019,5.5167,112800.0,83675.0,145071.4,797.3333,3.675,2.1583,255.6526,3.9358,95.9833,2.1414,1.8417000000000003
